{
	"credit": "Made with Blockbench",
	"textures": {
		"1": "custom/stripped_spruce_log",
		"2": "custom/dark_iron_block",
		"particle": "custom/iron_block"
	},
	"elements": [
		{
			"from": [7.73, 10.88, -15.88],
			"to": [8.27, 11.6, -1.48],
			"faces": {
				"north": {"uv": [0, 0, 0.75, 1], "texture": "#2"},
				"east": {"uv": [0, 0, 16, 1], "texture": "#2"},
				"south": {"uv": [0, 0, 0.75, 1], "texture": "#2"},
				"west": {"uv": [0, 0, 16, 1], "texture": "#2"},
				"up": {"uv": [0, 0, 0.75, 16], "texture": "#2"},
				"down": {"uv": [0, 0, 0.75, 16], "texture": "#2"}
			}
		},
		{
			"from": [7.91, 12.725, -15.7],
			"to": [8.09, 13.04, -15.16],
			"faces": {
				"north": {"uv": [0, 0, 0.25, 0.4375], "texture": "#2"},
				"east": {"uv": [0, 0, 0.75, 0.4375], "texture": "#2"},
				"south": {"uv": [0, 0, 0.25, 0.4375], "texture": "#2"},
				"west": {"uv": [0, 0, 0.75, 0.4375], "texture": "#2"},
				"up": {"uv": [0, 0, 0.25, 0.75], "texture": "#2"},
				"down": {"uv": [0, 0, 0.25, 0.75], "texture": "#2"}
			}
		},
		{
			"from": [7.64, 10.97, -15.88],
			"to": [8.36, 11.51, -1.48],
			"rotation": {"angle": 0, "axis": "z", "origin": [8, 6.92, 6.56]},
			"faces": {
				"north": {"uv": [0, 0, 0.75, 1], "rotation": 90, "texture": "#2"},
				"east": {"uv": [0, 0, 0.75, 16], "rotation": 270, "texture": "#2"},
				"south": {"uv": [0, 0, 0.75, 1], "rotation": 270, "texture": "#2"},
				"west": {"uv": [0, 0, 0.75, 16], "rotation": 270, "texture": "#2"},
				"up": {"uv": [0, 0, 16, 1], "rotation": 270, "texture": "#2"},
				"down": {"uv": [0, 0, 16, 1], "rotation": 270, "texture": "#2"}
			}
		},
		{
			"from": [7.64, 11.645, -15.88],
			"to": [8.36, 12.725, 10.04],
			"faces": {
				"north": {"uv": [0, 0, 1, 1.5], "texture": "#2"},
				"east": {"uv": [0, 0, 16, 1.5], "texture": "#2"},
				"south": {"uv": [0, 0, 1, 1.5], "texture": "#2"},
				"west": {"uv": [0, 0, 16, 1.5], "texture": "#2"},
				"up": {"uv": [0, 0, 1, 16], "texture": "#2"},
				"down": {"uv": [0, 0, 1, 16], "texture": "#2"}
			}
		},
		{
			"from": [7.82, 12.725, 6.44],
			"to": [8.18, 12.905, 8.6],
			"faces": {
				"north": {"uv": [0, 0, 0.5, 0.25], "texture": "#2"},
				"east": {"uv": [0, 0, 3, 0.25], "texture": "#2"},
				"south": {"uv": [0, 0, 0.5, 0.25], "texture": "#2"},
				"west": {"uv": [0, 0, 3, 0.25], "texture": "#2"},
				"up": {"uv": [0, 0, 0.5, 3], "texture": "#2"},
				"down": {"uv": [0, 0, 0.5, 3], "texture": "#2"}
			}
		},
		{
			"from": [7.82, 12.905, 7.16],
			"to": [8.18, 13.085, 7.7],
			"faces": {
				"north": {"uv": [0, 0, 0.5, 0.25], "texture": "#2"},
				"east": {"uv": [0, 0, 0.75, 0.25], "texture": "#2"},
				"south": {"uv": [0, 0, 0.5, 0.25], "texture": "#2"},
				"west": {"uv": [0, 0, 0.75, 0.25], "texture": "#2"},
				"up": {"uv": [0, 0, 0.5, 0.75], "texture": "#2"},
				"down": {"uv": [0, 0, 0.5, 0.75], "texture": "#2"}
			}
		},
		{
			"from": [7.865, 11.59549, 7.65418],
			"to": [8.135, 11.95549, 7.83418],
			"rotation": {"angle": 22.5, "axis": "x", "origin": [8, 13.265, 11.105]},
			"faces": {
				"north": {"uv": [0, 0, 0.375, 0.5], "texture": "#2"},
				"east": {"uv": [0, 0, 0.25, 0.5], "texture": "#2"},
				"south": {"uv": [0, 0, 0.375, 0.5], "texture": "#2"},
				"west": {"uv": [0, 0, 0.25, 0.5], "texture": "#2"},
				"up": {"uv": [0, 0, 0.375, 0.25], "texture": "#2"},
				"down": {"uv": [0, 0, 0.375, 0.25], "texture": "#2"}
			}
		},
		{
			"from": [7.595, 10.6275, -1.525],
			"to": [8.405, 12.545, 10.04],
			"faces": {
				"north": {"uv": [0, 0, 1.125, 2.75], "texture": "#2"},
				"east": {"uv": [0, 0, 16, 2.75], "texture": "#2"},
				"south": {"uv": [0, 0, 1.125, 2.75], "texture": "#2"},
				"west": {"uv": [0, 0, 16, 2.75], "texture": "#2"},
				"up": {"uv": [0, 0, 1.125, 16], "texture": "#2"},
				"down": {"uv": [0, 0, 1.125, 16], "texture": "#2"}
			}
		},
		{
			"from": [7.55, 10.565, -0.4],
			"to": [8.45, 11.87, 9.54],
			"faces": {
				"north": {"uv": [0, 0, 1.25, 1.8125], "texture": "#1"},
				"east": {"uv": [0, 0, 14.5, 1.8125], "texture": "#1"},
				"south": {"uv": [0, 0, 1.25, 1.8125], "texture": "#1"},
				"west": {"uv": [0, 0, 14.5, 1.8125], "texture": "#1"},
				"up": {"uv": [0, 0, 1.25, 14.5], "texture": "#1"},
				"down": {"uv": [0, 0, 1.25, 14.5], "texture": "#1"}
			}
		},
		{
			"from": [7.46, 11.825, -15.88],
			"to": [8.54, 12.545, 10.04],
			"rotation": {"angle": 0, "axis": "z", "origin": [8, 7.865, 6.56]},
			"faces": {
				"north": {"uv": [0, 0, 1, 1.5], "rotation": 90, "texture": "#2"},
				"east": {"uv": [0, 0, 1, 16], "rotation": 270, "texture": "#2"},
				"south": {"uv": [0, 0, 1, 1.5], "rotation": 270, "texture": "#2"},
				"west": {"uv": [0, 0, 1, 16], "rotation": 270, "texture": "#2"},
				"up": {"uv": [0, 0, 16, 1.5], "rotation": 270, "texture": "#2"},
				"down": {"uv": [0, 0, 16, 1.5], "rotation": 270, "texture": "#2"}
			}
		},
		{
			"from": [7.415, 10.8075, -1.48],
			"to": [8.585, 12.365, 10.04],
			"rotation": {"angle": 0, "axis": "z", "origin": [8, 7.865, 6.56]},
			"faces": {
				"north": {"uv": [0, 0, 2.25, 1.625], "rotation": 90, "texture": "#2"},
				"east": {"uv": [0, 0, 2.25, 16], "rotation": 270, "texture": "#2"},
				"south": {"uv": [0, 0, 2.25, 1.625], "rotation": 270, "texture": "#2"},
				"west": {"uv": [0, 0, 2.25, 16], "rotation": 270, "texture": "#2"},
				"up": {"uv": [0, 0, 16, 1.625], "rotation": 270, "texture": "#2"},
				"down": {"uv": [0, 0, 16, 1.625], "rotation": 270, "texture": "#2"}
			}
		},
		{
			"from": [7.37, 10.745, -0.4],
			"to": [8.63, 12.41, 9.5],
			"rotation": {"angle": 0, "axis": "z", "origin": [8, 7.865, 6.56]},
			"faces": {
				"north": {"uv": [0, 0, 2.3125, 1.75], "rotation": 90, "texture": "#1"},
				"east": {"uv": [0, 0, 2.3125, 13.75], "rotation": 270, "texture": "#1"},
				"south": {"uv": [0, 0, 2.3125, 1.75], "rotation": 270, "texture": "#1"},
				"west": {"uv": [0, 0, 2.3125, 13.75], "rotation": 270, "texture": "#1"},
				"up": {"uv": [0, 0, 13.75, 1.75], "rotation": 270, "texture": "#1"},
				"down": {"uv": [0, 0, 13.75, 1.75], "rotation": 270, "texture": "#1"}
			}
		},
		{
			"from": [7.46, 10.385, 10.04],
			"to": [8.54, 12.815, 12.02],
			"faces": {
				"north": {"uv": [0, 0, 1.5, 3.375], "texture": "#2"},
				"east": {"uv": [0, 0, 2.75, 3.375], "texture": "#2"},
				"south": {"uv": [0, 0, 1.5, 3.375], "texture": "#2"},
				"west": {"uv": [0, 0, 2.75, 3.375], "texture": "#2"},
				"up": {"uv": [0, 0, 1.5, 2.75], "texture": "#2"},
				"down": {"uv": [0, 0, 1.5, 2.75], "texture": "#2"}
			}
		},
		{
			"from": [7.46, 11.825, 12.02],
			"to": [8.54, 12.815, 15.08],
			"faces": {
				"north": {"uv": [0, 0, 1.5, 1.375], "texture": "#2"},
				"east": {"uv": [0, 0, 4.25, 1.375], "texture": "#2"},
				"south": {"uv": [0, 0, 1.5, 1.375], "texture": "#2"},
				"west": {"uv": [0, 0, 4.25, 1.375], "texture": "#2"},
				"up": {"uv": [0, 0, 1.5, 4.25], "texture": "#2"},
				"down": {"uv": [0, 0, 1.5, 4.25], "texture": "#2"}
			}
		},
		{
			"from": [7.46, 10.385, 12.02],
			"to": [8.54, 11.195, 15.08],
			"faces": {
				"north": {"uv": [0, 1.375, 1.5, 2.5], "texture": "#2"},
				"east": {"uv": [0, 1.375, 4.25, 2.5], "texture": "#2"},
				"south": {"uv": [0, 1.375, 1.5, 2.5], "texture": "#2"},
				"west": {"uv": [0, 1.375, 4.25, 2.5], "texture": "#2"},
				"up": {"uv": [0, 3, 1.5, 7.25], "texture": "#2"},
				"down": {"uv": [0, 3, 1.5, 7.25], "texture": "#2"}
			}
		},
		{
			"from": [7.235, 10.61, 10.04],
			"to": [8.765, 12.68, 12.02],
			"rotation": {"angle": 0, "axis": "z", "origin": [8, 7.865, 6.56]},
			"faces": {
				"north": {"uv": [0, 0, 2.875, 2.125], "rotation": 90, "texture": "#2"},
				"east": {"uv": [0, 0, 2.875, 2.75], "rotation": 270, "texture": "#2"},
				"south": {"uv": [0, 0, 2.875, 2.125], "rotation": 270, "texture": "#2"},
				"west": {"uv": [0, 0, 2.875, 2.75], "rotation": 270, "texture": "#2"},
				"up": {"uv": [0, 0, 2.75, 2.125], "rotation": 270, "texture": "#2"},
				"down": {"uv": [0, 0, 2.75, 2.125], "rotation": 270, "texture": "#2"}
			}
		},
		{
			"from": [7.415, 7.62106, 15.24219],
			"to": [8.585, 9.51106, 16.00719],
			"rotation": {"angle": 22.5, "axis": "x", "origin": [8, 11.555, 23.12]},
			"faces": {
				"north": {"uv": [0, 0, 2.625, 1.625], "rotation": 90, "texture": "#2"},
				"east": {"uv": [0, 0, 2.625, 1.0625], "rotation": 270, "texture": "#2"},
				"south": {"uv": [0, 0, 2.625, 1.625], "rotation": 270, "texture": "#2"},
				"west": {"uv": [0, 0, 2.625, 1.0625], "rotation": 270, "texture": "#2"},
				"up": {"uv": [0, 0, 1.0625, 1.625], "rotation": 270, "texture": "#2"},
				"down": {"uv": [0, 0, 1.0625, 1.625], "rotation": 270, "texture": "#2"}
			}
		},
		{
			"from": [7.415, 7.44106, 16.00719],
			"to": [8.585, 9.42106, 18.16719],
			"rotation": {"angle": 22.5, "axis": "x", "origin": [8, 11.555, 23.12]},
			"faces": {
				"north": {"uv": [0, 0, 2.75, 1.625], "rotation": 90, "texture": "#2"},
				"east": {"uv": [0, 0, 2.75, 3], "rotation": 270, "texture": "#2"},
				"south": {"uv": [0, 0, 2.75, 1.625], "rotation": 270, "texture": "#2"},
				"west": {"uv": [0, 0, 2.75, 3], "rotation": 270, "texture": "#2"},
				"up": {"uv": [0, 0, 3, 1.625], "rotation": 270, "texture": "#2"},
				"down": {"uv": [0, 0, 3, 1.625], "rotation": 270, "texture": "#2"}
			}
		},
		{
			"from": [7.665, 9.69298, 14.16238],
			"to": [8.335, 11.10298, 14.41238],
			"rotation": {"angle": -22.5, "axis": "x", "origin": [8, 8.94738, 14.92424]},
			"faces": {
				"north": {"uv": [0, 0, 3, 1.625], "rotation": 90, "texture": "#2"},
				"east": {"uv": [0, 0, 2.75, 3], "rotation": 180, "texture": "#2"},
				"south": {"uv": [0, 0, 3, 1.625], "rotation": 270, "texture": "#2"},
				"west": {"uv": [0, 0, 2.75, 3], "texture": "#2"},
				"up": {"uv": [0, 0, 2.75, 1.625], "rotation": 270, "texture": "#2"},
				"down": {"uv": [0, 0, 2.75, 1.625], "rotation": 270, "texture": "#2"}
			}
		},
		{
			"from": [7.665, 8.64062, 14.22896],
			"to": [8.335, 9.55062, 14.47896],
			"rotation": {"angle": -45, "axis": "x", "origin": [8, 9.09562, 14.35396]},
			"faces": {
				"north": {"uv": [0, 0, 3, 1.625], "rotation": 90, "texture": "#2"},
				"east": {"uv": [0, 0, 2.75, 3], "rotation": 180, "texture": "#2"},
				"south": {"uv": [0, 0, 3, 1.625], "rotation": 270, "texture": "#2"},
				"west": {"uv": [0, 0, 2.75, 3], "texture": "#2"},
				"up": {"uv": [0, 0, 2.75, 1.625], "rotation": 270, "texture": "#2"},
				"down": {"uv": [0, 0, 2.75, 1.625], "rotation": 270, "texture": "#2"}
			}
		},
		{
			"from": [7.665, 8.8018, 14.72547],
			"to": [8.335, 9.0518, 15.38547],
			"rotation": {"angle": 22.5, "axis": "x", "origin": [8, 9.09562, 14.35396]},
			"faces": {
				"north": {"uv": [0, 0, 2.75, 1.625], "rotation": 90, "texture": "#2"},
				"east": {"uv": [0, 0, 2.75, 3], "rotation": 270, "texture": "#2"},
				"south": {"uv": [0, 0, 2.75, 1.625], "rotation": 270, "texture": "#2"},
				"west": {"uv": [0, 0, 2.75, 3], "rotation": 270, "texture": "#2"},
				"up": {"uv": [0, 0, 3, 1.625], "rotation": 270, "texture": "#2"},
				"down": {"uv": [0, 0, 3, 1.625], "rotation": 270, "texture": "#2"}
			}
		},
		{
			"from": [7.665, 8.4259, 15.193],
			"to": [8.335, 8.6759, 15.728],
			"rotation": {"angle": 0, "axis": "x", "origin": [8, 8.62336, 15.05295]},
			"faces": {
				"north": {"uv": [0, 0, 2.75, 1.625], "rotation": 90, "texture": "#2"},
				"east": {"uv": [0, 0, 2.75, 3], "rotation": 270, "texture": "#2"},
				"south": {"uv": [0, 0, 2.75, 1.625], "rotation": 270, "texture": "#2"},
				"west": {"uv": [0, 0, 2.75, 3], "rotation": 270, "texture": "#2"},
				"up": {"uv": [0, 0, 3, 1.625], "rotation": 270, "texture": "#2"},
				"down": {"uv": [0, 0, 3, 1.625], "rotation": 270, "texture": "#2"}
			}
		},
		{
			"from": [7.665, 7.6334, 18.0055],
			"to": [8.335, 7.8634, 18.2905],
			"rotation": {"angle": 0, "axis": "x", "origin": [8, 8.62336, 15.05295]},
			"faces": {
				"north": {"uv": [0, 0, 2.75, 1.625], "rotation": 90, "texture": "#2"},
				"east": {"uv": [0, 0, 2.75, 3], "rotation": 270, "texture": "#2"},
				"south": {"uv": [0, 0, 2.75, 1.625], "rotation": 270, "texture": "#2"},
				"west": {"uv": [0, 0, 2.75, 3], "rotation": 270, "texture": "#2"},
				"up": {"uv": [0, 0, 3, 1.625], "rotation": 270, "texture": "#2"},
				"down": {"uv": [0, 0, 3, 1.625], "rotation": 270, "texture": "#2"}
			}
		},
		{
			"from": [7.665, 8.3411, 15.63552],
			"to": [8.335, 8.5761, 16.04552],
			"rotation": {"angle": -22.5, "axis": "x", "origin": [8, 8.5509, 15.4605]},
			"faces": {
				"north": {"uv": [0, 0, 2.75, 1.625], "rotation": 90, "texture": "#2"},
				"east": {"uv": [0, 0, 2.75, 3], "rotation": 270, "texture": "#2"},
				"south": {"uv": [0, 0, 2.75, 1.625], "rotation": 270, "texture": "#2"},
				"west": {"uv": [0, 0, 2.75, 3], "rotation": 270, "texture": "#2"},
				"up": {"uv": [0, 0, 3, 1.625], "rotation": 270, "texture": "#2"},
				"down": {"uv": [0, 0, 3, 1.625], "rotation": 270, "texture": "#2"}
			}
		},
		{
			"from": [7.665, 8.98524, 15.56688],
			"to": [8.335, 9.39524, 15.80188],
			"rotation": {"angle": 22.5, "axis": "x", "origin": [8, 9.74885, 15.68736]},
			"faces": {
				"north": {"uv": [0, 0, 3, 1.625], "rotation": 90, "texture": "#2"},
				"east": {"uv": [0, 0, 2.75, 3], "texture": "#2"},
				"south": {"uv": [0, 0, 3, 1.625], "rotation": 270, "texture": "#2"},
				"west": {"uv": [0, 0, 2.75, 3], "rotation": 180, "texture": "#2"},
				"up": {"uv": [0, 0, 2.75, 1.625], "rotation": 270, "texture": "#2"},
				"down": {"uv": [0, 0, 2.75, 1.625], "rotation": 270, "texture": "#2"}
			}
		},
		{
			"from": [7.665, 8.40516, 15.99547],
			"to": [8.335, 8.64016, 16.40547],
			"rotation": {"angle": -45, "axis": "x", "origin": [8, 8.61105, 15.84691]},
			"faces": {
				"north": {"uv": [0, 0, 2.75, 1.625], "rotation": 90, "texture": "#2"},
				"east": {"uv": [0, 0, 2.75, 3], "rotation": 270, "texture": "#2"},
				"south": {"uv": [0, 0, 2.75, 1.625], "rotation": 270, "texture": "#2"},
				"west": {"uv": [0, 0, 2.75, 3], "rotation": 270, "texture": "#2"},
				"up": {"uv": [0, 0, 3, 1.625], "rotation": 270, "texture": "#2"},
				"down": {"uv": [0, 0, 3, 1.625], "rotation": 270, "texture": "#2"}
			}
		},
		{
			"from": [7.665, 9.38246, 15.44173],
			"to": [8.335, 9.79246, 15.67673],
			"rotation": {"angle": 0, "axis": "x", "origin": [8, 9.74885, 15.68736]},
			"faces": {
				"north": {"uv": [0, 0, 3, 1.625], "rotation": 90, "texture": "#2"},
				"east": {"uv": [0, 0, 2.75, 3], "texture": "#2"},
				"south": {"uv": [0, 0, 3, 1.625], "rotation": 270, "texture": "#2"},
				"west": {"uv": [0, 0, 2.75, 3], "rotation": 180, "texture": "#2"},
				"up": {"uv": [0, 0, 2.75, 1.625], "rotation": 270, "texture": "#2"},
				"down": {"uv": [0, 0, 2.75, 1.625], "rotation": 270, "texture": "#2"}
			}
		},
		{
			"from": [7.665, 9.04766, 16.01084],
			"to": [8.335, 10.52016, 16.24584],
			"rotation": {"angle": 22.5, "axis": "x", "origin": [8, 8.61105, 15.84691]},
			"faces": {
				"north": {"uv": [0, 0, 3, 1.625], "rotation": 90, "texture": "#2"},
				"east": {"uv": [0, 0, 2.75, 3], "texture": "#2"},
				"south": {"uv": [0, 0, 3, 1.625], "rotation": 270, "texture": "#2"},
				"west": {"uv": [0, 0, 2.75, 3], "rotation": 180, "texture": "#2"},
				"up": {"uv": [0, 0, 2.75, 1.625], "rotation": 270, "texture": "#2"},
				"down": {"uv": [0, 0, 2.75, 1.625], "rotation": 270, "texture": "#2"}
			}
		},
		{
			"from": [7.665, 9.79257, 15.45419],
			"to": [8.335, 11.26507, 15.68919],
			"rotation": {"angle": -22.5, "axis": "x", "origin": [8, 9.74885, 15.68736]},
			"faces": {
				"north": {"uv": [0, 0, 3, 1.625], "rotation": 90, "texture": "#2"},
				"east": {"uv": [0, 0, 2.75, 3], "texture": "#2"},
				"south": {"uv": [0, 0, 3, 1.625], "rotation": 270, "texture": "#2"},
				"west": {"uv": [0, 0, 2.75, 3], "rotation": 180, "texture": "#2"},
				"up": {"uv": [0, 0, 2.75, 1.625], "rotation": 270, "texture": "#2"},
				"down": {"uv": [0, 0, 2.75, 1.625], "rotation": 270, "texture": "#2"}
			}
		},
		{
			"from": [7.665, 9.54766, 16.24584],
			"to": [8.335, 9.77016, 18.30834],
			"rotation": {"angle": 22.5, "axis": "x", "origin": [8, 8.61105, 15.84691]},
			"faces": {
				"north": {"uv": [0, 0, 3, 1.625], "rotation": 90, "texture": "#2"},
				"east": {"uv": [0, 0, 2.75, 3], "texture": "#2"},
				"south": {"uv": [0, 0, 3, 1.625], "rotation": 270, "texture": "#2"},
				"west": {"uv": [0, 0, 2.75, 3], "rotation": 180, "texture": "#2"},
				"up": {"uv": [0, 0, 2.75, 1.625], "rotation": 270, "texture": "#2"},
				"down": {"uv": [0, 0, 2.75, 1.625], "rotation": 270, "texture": "#2"}
			}
		},
		{
			"from": [7.665, 8.67266, 18.30834],
			"to": [8.335, 10.02016, 18.49584],
			"rotation": {"angle": 22.5, "axis": "x", "origin": [8, 8.61105, 15.84691]},
			"faces": {
				"north": {"uv": [0, 0, 3, 1.625], "rotation": 90, "texture": "#2"},
				"east": {"uv": [0, 0, 2.75, 3], "texture": "#2"},
				"south": {"uv": [0, 0, 3, 1.625], "rotation": 270, "texture": "#2"},
				"west": {"uv": [0, 0, 2.75, 3], "rotation": 180, "texture": "#2"},
				"up": {"uv": [0, 0, 2.75, 1.625], "rotation": 270, "texture": "#2"},
				"down": {"uv": [0, 0, 2.75, 1.625], "rotation": 270, "texture": "#2"}
			}
		},
		{
			"from": [7.665, 8.54766, 15.93334],
			"to": [8.335, 8.79766, 18.24584],
			"rotation": {"angle": 22.5, "axis": "x", "origin": [8, 8.61105, 15.84691]},
			"faces": {
				"north": {"uv": [0, 0, 3, 1.625], "rotation": 90, "texture": "#2"},
				"east": {"uv": [0, 0, 2.75, 3], "texture": "#2"},
				"south": {"uv": [0, 0, 3, 1.625], "rotation": 270, "texture": "#2"},
				"west": {"uv": [0, 0, 2.75, 3], "rotation": 180, "texture": "#2"},
				"up": {"uv": [0, 0, 2.75, 1.625], "rotation": 270, "texture": "#2"},
				"down": {"uv": [0, 0, 2.75, 1.625], "rotation": 270, "texture": "#2"}
			}
		},
		{
			"from": [7.29, 7.44106, 21.41719],
			"to": [8.71, 9.42106, 31],
			"rotation": {"angle": 22.5, "axis": "x", "origin": [8, 11.555, 23.12]},
			"faces": {
				"north": {"uv": [0, 0, 2.75, 1.625], "rotation": 90, "texture": "#1"},
				"east": {"uv": [0, 0, 2.75, 1.41], "rotation": 270, "texture": "#1"},
				"south": {"uv": [0, 0, 2.75, 1.625], "rotation": 270, "texture": "#1"},
				"west": {"uv": [0, 0, 2.75, 1.41], "rotation": 270, "texture": "#1"},
				"up": {"uv": [0, 0, 1.41, 1.625], "rotation": 270, "texture": "#1"},
				"down": {"uv": [0, 0, 1.41, 1.625], "rotation": 270, "texture": "#1"}
			}
		},
		{
			"from": [7.415, 7.44106, 18.16719],
			"to": [8.585, 9.42106, 21.41719],
			"rotation": {"angle": 22.5, "axis": "x", "origin": [8, 11.555, 23.12]},
			"faces": {
				"north": {"uv": [0, 0, 2.75, 1.625], "rotation": 90, "texture": "#1"},
				"east": {"uv": [0, 0, 2.75, 1.41], "rotation": 270, "texture": "#1"},
				"south": {"uv": [0, 0, 2.75, 1.625], "rotation": 270, "texture": "#1"},
				"west": {"uv": [0, 0, 2.75, 1.41], "rotation": 270, "texture": "#1"},
				"up": {"uv": [0, 0, 1.41, 1.625], "rotation": 270, "texture": "#1"},
				"down": {"uv": [0, 0, 1.41, 1.625], "rotation": 270, "texture": "#1"}
			}
		},
		{
			"from": [7.29, 9.42106, 24.29219],
			"to": [8.71, 10.54606, 31],
			"rotation": {"angle": 22.5, "axis": "x", "origin": [8, 11.555, 23.12]},
			"faces": {
				"north": {"uv": [0, 0, 2.75, 1.625], "rotation": 90, "texture": "#1"},
				"east": {"uv": [0, 0, 2.75, 1.41], "rotation": 270, "texture": "#1"},
				"south": {"uv": [0, 0, 2.75, 1.625], "rotation": 270, "texture": "#1"},
				"west": {"uv": [0, 0, 2.75, 1.41], "rotation": 270, "texture": "#1"},
				"up": {"uv": [0, 0, 1.41, 1.625], "rotation": 270, "texture": "#1"},
				"down": {"uv": [0, 0, 1.41, 1.625], "rotation": 270, "texture": "#1"}
			}
		},
		{
			"from": [7.29, 9.13865, 20.78593],
			"to": [8.71, 10.18115, 23.80624],
			"rotation": {"angle": 0, "axis": "x", "origin": [8, 9.19115, 25.88983]},
			"faces": {
				"north": {"uv": [0, 0, 2.75, 1.625], "rotation": 90, "texture": "#1"},
				"east": {"uv": [0, 0, 2.75, 1.41], "rotation": 270, "texture": "#1"},
				"south": {"uv": [0, 0, 2.75, 1.625], "rotation": 270, "texture": "#1"},
				"west": {"uv": [0, 0, 2.75, 1.41], "rotation": 270, "texture": "#1"},
				"up": {"uv": [0, 0, 1.41, 1.625], "rotation": 270, "texture": "#1"},
				"down": {"uv": [0, 0, 1.41, 1.625], "rotation": 270, "texture": "#1"}
			}
		},
		{
			"from": [7.775, 9.42106, 15.82719],
			"to": [8.225, 9.60106, 16.72719],
			"rotation": {"angle": 22.5, "axis": "x", "origin": [8, 11.555, 23.12]},
			"faces": {
				"north": {"uv": [0, 0, 0.25, 0.625], "rotation": 90, "texture": "#2"},
				"east": {"uv": [0, 0, 0.25, 1.25], "rotation": 270, "texture": "#2"},
				"south": {"uv": [0, 0, 0.25, 0.625], "rotation": 270, "texture": "#2"},
				"west": {"uv": [0, 0, 0.25, 1.25], "rotation": 270, "texture": "#2"},
				"up": {"uv": [0, 0, 1.25, 0.625], "rotation": 270, "texture": "#2"},
				"down": {"uv": [0, 0, 1.25, 0.625], "rotation": 270, "texture": "#2"}
			}
		},
		{
			"from": [7.82, 12.37527, 15.74589],
			"to": [8.18, 12.73527, 15.92589],
			"rotation": {"angle": 0, "axis": "x", "origin": [8, 12.28527, 22.61589]},
			"faces": {
				"north": {"uv": [0, 0, 0.5, 0.5], "rotation": 90, "texture": "#2"},
				"east": {"uv": [0, 0, 0.25, 0.5], "rotation": 180, "texture": "#2"},
				"south": {"uv": [0, 0, 0.5, 0.5], "rotation": 270, "texture": "#2"},
				"west": {"uv": [0, 0, 0.25, 0.5], "texture": "#2"},
				"up": {"uv": [0, 0, 0.25, 0.5], "rotation": 270, "texture": "#2"},
				"down": {"uv": [0, 0, 0.25, 0.5], "rotation": 270, "texture": "#2"}
			}
		},
		{
			"from": [7.82, 10.16063, 16.18352],
			"to": [8.18, 10.36223, 16.37072],
			"rotation": {"angle": 22.5, "axis": "x", "origin": [8, 12.55527, 22.43589]},
			"faces": {
				"north": {"uv": [0, 0, 0.28, 0.5], "rotation": 90, "texture": "#2"},
				"east": {"uv": [0, 0, 0.26, 0.28], "rotation": 180, "texture": "#2"},
				"south": {"uv": [0, 0, 0.28, 0.5], "rotation": 270, "texture": "#2"},
				"west": {"uv": [0, 0, 0.26, 0.28], "texture": "#2"},
				"up": {"uv": [0, 0, 0.26, 0.5], "rotation": 270, "texture": "#2"},
				"down": {"uv": [0, 0, 0.26, 0.5], "rotation": 270, "texture": "#2"}
			}
		},
		{
			"from": [7.82, 8.18244, 17.67578],
			"to": [8.18, 8.4636, 17.86298],
			"rotation": {"angle": 45, "axis": "x", "origin": [8, 12.79289, 22.46811]},
			"faces": {
				"north": {"uv": [0, 0, 0.3905, 0.5], "rotation": 90, "texture": "#2"},
				"east": {"uv": [0, 0, 0.26, 0.3905], "rotation": 180, "texture": "#2"},
				"south": {"uv": [0, 0, 0.3905, 0.5], "rotation": 270, "texture": "#2"},
				"west": {"uv": [0, 0, 0.26, 0.3905], "texture": "#2"},
				"up": {"uv": [0, 0, 0.26, 0.5], "rotation": 270, "texture": "#2"},
				"down": {"uv": [0, 0, 0.26, 0.5], "rotation": 270, "texture": "#2"}
			}
		},
		{
			"from": [7.235, 11.69, 12.02],
			"to": [8.765, 12.68, 15.08],
			"rotation": {"angle": 0, "axis": "z", "origin": [8, 7.865, 6.56]},
			"faces": {
				"north": {"uv": [0, 0, 1.375, 2.125], "rotation": 90, "texture": "#2"},
				"east": {"uv": [0, 0, 1.375, 4.25], "rotation": 270, "texture": "#2"},
				"south": {"uv": [0, 0, 1.375, 2.125], "rotation": 270, "texture": "#2"},
				"west": {"uv": [0, 0, 1.375, 4.25], "rotation": 270, "texture": "#2"},
				"up": {"uv": [0, 0, 4.25, 2.125], "rotation": 270, "texture": "#2"},
				"down": {"uv": [0, 0, 4.25, 2.125], "rotation": 270, "texture": "#2"}
			}
		},
		{
			"from": [7.235, 10.61, 12.02],
			"to": [8.765, 11.24, 15.08],
			"rotation": {"angle": 0, "axis": "z", "origin": [8, 8.135, 6.56]},
			"faces": {
				"north": {"uv": [1.125, 0, 2, 2.125], "rotation": 90, "texture": "#2"},
				"east": {"uv": [1.125, 0, 2, 4.25], "rotation": 270, "texture": "#2"},
				"south": {"uv": [1.125, 0, 2, 2.125], "rotation": 270, "texture": "#2"},
				"west": {"uv": [1.125, 0, 2, 4.25], "rotation": 270, "texture": "#2"},
				"up": {"uv": [3, 0, 7.25, 2.125], "rotation": 270, "texture": "#2"},
				"down": {"uv": [3, 0, 7.25, 2.125], "rotation": 270, "texture": "#2"}
			}
		},
		{
			"from": [7.235, 11.24, 13.1],
			"to": [8.765, 11.69, 15.08],
			"rotation": {"angle": 0, "axis": "z", "origin": [8, 8.135, 6.56]},
			"faces": {
				"north": {"uv": [1.125, 0, 1.75, 2.125], "rotation": 90, "texture": "#2"},
				"east": {"uv": [1.125, 0, 1.75, 2.75], "rotation": 270, "texture": "#2"},
				"south": {"uv": [1.125, 0, 1.75, 2.125], "rotation": 270, "texture": "#2"},
				"west": {"uv": [1.125, 0, 1.75, 2.75], "rotation": 270, "texture": "#2"},
				"up": {"uv": [3, 0, 5.75, 2.125], "rotation": 270, "texture": "#2"},
				"down": {"uv": [3, 0, 5.75, 2.125], "rotation": 270, "texture": "#2"}
			}
		},
		{
			"from": [7.415, 11.24, 11.975],
			"to": [8.585, 11.69, 13.1],
			"rotation": {"angle": 0, "axis": "z", "origin": [8, 8.135, 6.56]},
			"faces": {
				"north": {"uv": [1.125, 0, 1.75, 1.625], "rotation": 90, "texture": "#2"},
				"east": {"uv": [1.125, 0, 1.75, 1.5625], "rotation": 270, "texture": "#2"},
				"south": {"uv": [1.125, 0, 1.75, 1.625], "rotation": 270, "texture": "#2"},
				"west": {"uv": [1.125, 0, 1.75, 1.5625], "rotation": 270, "texture": "#2"},
				"up": {"uv": [3, 0, 4.5625, 1.625], "rotation": 270, "texture": "#2"},
				"down": {"uv": [3, 0, 4.5625, 1.625], "rotation": 270, "texture": "#2"}
			}
		}
	],
	"display": {
		"thirdperson_righthand": {
			"translation": [0, -0.75, -1.75],
			"scale": [0.4, 0.4, 0.4]
		},
		"thirdperson_lefthand": {
			"translation": [0, -0.75, -1.75],
			"scale": [0.4, 0.4, 0.4]
		},
		"firstperson_righthand": {
			"translation": [0, 0, -2.5],
			"scale": [0.6, 0.6, 0.6]
		},
		"firstperson_lefthand": {
			"translation": [0, 0, -2.5],
			"scale": [0.6, 0.6, 0.6]
		},
		"ground": {
			"translation": [0, 6, 0],
			"scale": [0.4, 0.4, 0.4]
		},
		"gui": {
			"rotation": [0, -90, 0],
			"translation": [-0.25, 0, 0],
			"scale": [0.4, 0.4, 0.4]
		},
		"head": {
			"translation": [0, 9, 0],
			"scale": [0.4, 0.4, 0.4]
		},
		"fixed": {
			"rotation": [0, 90, 0],
			"scale": [0.4, 0.4, 0.4]
		}
	},
	"groups": [
		{
			"name": "Winchester",
			"origin": [8, 8, 8],
			"children": [
				{
					"name": "group",
					"origin": [8, 7.8125, 6],
					"children": [0, 1, 2, 3, 4, 5, 6, 7, 8, 9, 10, 11]
				},
				{
					"name": "group",
					"origin": [8, 8, 8],
					"children": [12, 13, 14, 15, 16, 17, 18, 19, 20, 21, 22, 23, 24, 25, 26, 27, 28, 29, 30, 31, 32, 33, 34, 35, 36, 37, 38, 39, 40, 41, 42, 43]
				}
			]
		}
	]
}